contest,context,,,,,,,,,,,,,,,,
497,train cry bar,,,,,,,,,,,,,,,,
499,sword break desk shock,,,,,,,,,,,,,,,,
505,mad alligator house,,,,,,,,,,,,,,,,
507,man hotdog office,,,,,,,,,,,,,,,,
508,officer shark,,,,,,,,,,,,,,,,
509,salmon stream bear,,,,,,,,,,,,,,,,
510,walk lie,,,,,,,,,,,,,,,,
511,kid shovel adult,,,,,,,,,,,,,,,,
512,rug yoga teacher,,,,,,,,,,,,,,,,
513,suitcase handles carry,,,,,,,,,,,,,,,,
514,police cowboys horses,,,,,,,,,,,,,,,,
515,train injury,,,,,,,,,,,,,,,,
516,brick fall restaurant,,,,,,,,,,,,,,,,
517,lawyer court death,,,,,,,,,,,,,,,,
518,sweat sandbox sun,,,,,,,,,,,,,,,,
519,bird hunter gun,,,,,,,,,,,,,,,,
520,therapist banana,,,,,,,,,,,,,,,,
521,umbrella rain,,,,,,,,,,,,,,,,
522,tuxedo frankenstein,,,,,,,,,,,,,,,,
523,home monkey,,,,,,,,,,,,,,,,
524,sword battle dragon,,,,,,,,,,,,,,,,
526,angel halo size,,,,,,,,,,,,,,,,
527,alien farmer,,,,,,,,,,,,,,,,
528,boss table meeting,,,,,,,,,,,,,,,,
529,shock fall ski,,,,,,,,,,,,,,,,
531,knife rope king,,,,,,,,,,,,,,,,
532,giraffe television sofa,,,,,,,,,,,,,,,,
533,whale island tree,,,,,,,,,,,,,,,,
534,dinner fancy subway,,,,,,,,,,,,,,,,
535,office snake boss,,,,,,,,,,,,,,,,
536,whale car,,,,,,,,,,,,,,,,
537,therapist car couch,,,,,,,,,,,,,,,,
538,coffee donut carpenter,,,,,,,,,,,,,,,,
539,man cat needle,,,,,,,,,,,,,,,,
540,man cliff shock,,,,,,,,,,,,,,,,
541,nurse stethoscope safe,,,,,,,,,,,,,,,,
542,death woman,,,,,,,,,,,,,,,,
543,scarf woman noble,,,,,,,,,,,,,,,,
544,elepant room man,,,,,,,,,,,,,,,,
545,office plant center,,,,,,,,,,,,,,,,
546,dolphin posture island,,,,,,,,,,,,,,,,
547,homeless band desert,,,,,,,,,,,,,,,,
548,rocket ticket police,,,,,,,,,,,,,,,,
549,therapist desk,,,,,,,,,,,,,,,,
550,chair wait authority,,,,,,,,,,,,,,,,
551,wave boat,,,,,,,,,,,,,,,,
552,boat desert paddle,,,,,,,,,,,,,,,,
553,talk war calm,,,,,,,,,,,,,,,,
554,barista clown surprise,,,,,,,,,,,,,,,,
555,shark bite mouth,,,,,,,,,,,,,,,,
556,space cook,,,,,,,,,,,,,,,,
557,Eve Adam Eden,,,,,,,,,,,,,,,,
558,child cradle adult,,,,,,,,,,,,,,,,
559,jump plank pirate,,,,,,,,,,,,,,,,
560,caveman cave,,,,,,,,,,,,,,,,
561,dog cone,,,,,,,,,,,,,,,,
562,fish bird talk,,,,,,,,,,,,,,,,
563,office run wheel,,,,,,,,,,,,,,,,
564,boss owl desk,,,,,,,,,,,,,,,,
565,doctor fire patient,,,,,,,,,,,,,,,,
566,cat pirate deck,,,,,,,,,,,,,,,,
567,coffee suitcase argue,,,,,,,,,,,,,,,,
568,wine bucket talk,,,,,,,,,,,,,,,,
569,jump meeting office,,,,,,,,,,,,,,,,
570,talk bird,,,,,,,,,,,,,,,,
571,anchor café pirate,,,,,,,,,,,,,,,,
572,ball pool size,,,,,,,,,,,,,,,,
573,hospital fluid head,,,,,,,,,,,,,,,,
574,fry suitcase grill,,,,,,,,,,,,,,,,
575,knight office,,,,,,,,,,,,,,,,
576,bee hive look,,,,,,,,,,,,,,,,
577,truck inside house,,,,,,,,,,,,,,,,
578,pizza swarm reporter,,,,,,,,,,,,,,,,
579,cat crown king,,,,,,,,,,,,,,,,
580,throne guard hammock,,,,,,,,,,,,,,,,
581,God sweater gift,,,,,,,,,,,,,,,,
582,bicycle long call,,,,,,,,,,,,,,,,
583,office restrain,,,,,,,,,,,,,,,,
584,surprise secretary call,,,,,,,,,,,,,,,,
585,genie toaster lamp,,,,,,,,,,,,,,,,
586,alien vacuum space,,,,,,,,,,,,,,,,
587,deer art sign,,,,,,,,,,,,,,,,
588,tower plant woman,,,,,,,,,,,,,,,,
589,menu café size,,,,,,,,,,,,,,,,
590,dinosaur picture cave,,,,,,,,,,,,,,,,
591,doctor brush soap,,,,,,,,,,,,,,,,
592,science ducks computer,,,,,,,,,,,,,,,,
593,phone paper knife,,,,,,,,,,,,,,,,
594,tree walk smile,,,,,,,,,,,,,,,,
595,snowman clothes mall,,,,,,,,,,,,,,,,
596,bar drink death,,,,,,,,,,,,,,,,
597,airport dog suitcase,,,,,,,,,,,,,,,,
598,mountain hiker talk,,,,,,,,,,,,,,,,
599,caveman reptile look,,,,,,,,,,,,,,,,
600,space dog look,,,,,,,,,,,,,,,,
601,cactus desert jog,,,,,,,,,,,,,,,,
602,gingerbread hospital study,,,,,,,,,,,,,,,,
603,hiker mountain dinner,,,,,,,,,,,,,,,,
604,draw caveman mammoth,,,,,,,,,,,,,,,,
605,art talk look,,,,,,,,,,,,,,,,
606,plane cloud man,,,,,,,,,,,,,,,,
607,death coffin funeral,,,,,,,,,,,,,,,,
608,organ heater church,,,,,,,,,,,,,,,,
609,subway sandwhich look,,,,,,,,,,,,,,,,
610,prison chef talk,,,,,,,,,,,,,,,,
611,rat fly roof,,,,,,,,,,,,,,,,
612,police outline evolution,,,,,,,,,,,,,,,,
613,clown police interrogate,,,,,,,,,,,,,,,,
614,hiker mountain piano,,,,,,,,,,,,,,,,
615,fish chandelier dock,,,,,,,,,,,,,,,,
616,puppet office talk,,,,,,,,,,,,,,,,
617,television devil crowd,,,,,,,,,,,,,,,,
618,unicorn mantle talk,,,,,,,,,,,,,,,,
619,sword desk office,,,,,,,,,,,,,,,,
620,pinata angel cloud,,,,,,,,,,,,,,,,
621,knight mirror tailor,,,,,,,,,,,,,,,,
622,grill subway work,,,,,,,,,,,,,,,,
623,kite police park,,,,,,,,,,,,,,,,
624,coffin skeleton alive,,,,,,,,,,,,,,,,
625,caveman baseball club,,,,,,,,,,,,,,,,
626,rodeo fall office,,,,,,,,,,,,,,,,
627,ledge dinner restaurant,,,,,,,,,,,,,,,,
628,fish bar drink,,,,,,,,,,,,,,,,
629,climb face hold,,,,,,,,,,,,,,,,
630,flood beach sit,,,,,,,,,,,,,,,,
631,pizza chef plane,,,,,,,,,,,,,,,,
632,doll detective,,,,,,,,,,,,,,,,
633,slide adult park,,,,,,,,,,,,,,,,
634,pyramid hotdog,,,,,,,,,,,,,,,,
635,knight dinner date,,,,,,,,,,,,,,,,
636,death bridge lunch,,,,,,,,,,,,,,,,
637,rake look man,,,,,,,,,,,,,,,,
638,drone confuse city,,,,,,,,,,,,,,,,
639,hair tower wizard,,,,,,,,,,,,,,,,
640,mouse cat ride,,,,,,,,,,,,,,,,
641,sheep city herd,,,,,,,,,,,,,,,,
642,alley pastry surprise,,,,,,,,,,,,,,,,
643,piano gloves spotlight,,,,,,,,,,,,,,,,
645,windmill talk,,,,,,,,,,,,,,,,
646,hiker mountain monster,,,,,,,,,,,,,,,,
647,ski snow water,,,,,,,,,,,,,,,,
648,magic shredder stage,,,,,,,,,,,,,,,,
649,track house inside,,,,,,,,,,,,,,,,
650,therapist hospital stuck,,,,,,,,,,,,,,,,
651,doctor snake hospital,,,,,,,,,,,,,,,,
652,stranded island sweat,,,,,,,,,,,,,,,,
653,mosquito size talk,,,,,,,,,,,,,,,,
654,waiter smoke anger,,,,,,,,,,,,,,,,
655,debate earth man,,,,,,,,,,,,,,,,
656,scribble cowboy guitar,,,,,,,,,,,,,,,,
657,ski newspaper talk,,,,,,,,,,,,,,,,
658,confuse desk dog study,,,,,,,,,,,,,,,,
659,dinner blender head,,,,,,,,,,,,,,,,
660,bird winter boy,,,,,,,,,,,,,,,,
661,dwarf princess skate,,,,,,,,,,,,,,,,
662,wiking marry modern,,,,,,,,,,,,,,,,
663,pizza dinner miniature,,,,,,,,,,,,,,,,
665,shark human back,,,,,,,,,,,,,,,,
667,sleep lip therapist,,,,,,,,,,,,,,,,
668,mouse manual construct,,,,,,,,,,,,,,,,
669,dragon flower castle princess,,,,,,,,,,,,,,,,
670,baby sing parents,,,,,,,,,,,,,,,,
671,knight talk bike,,,,,,,,,,,,,,,,
672,mammoth attack man,,,,,,,,,,,,,,,,
673,rat doctor patient,,,,,,,,,,,,,,,,
674,hair tower trap,,,,,,,,,,,,,,,,
675,dog werewolf look,,,,,,,,,,,,,,,,
676,caveman chicken cook,,,,,,,,,,,,,,,,
677,cat owner control,,,,,,,,,,,,,,,,
678,giraffe together,,,,,,,,,,,,,,,,
679,restaurant bear waiter,,,,,,,,,,,,,,,,
680,lobster hands upset,,,,,,,,,,,,,,,,
681,leaf fall,,,,,,,,,,,,,,,,
682,sand tower desert,,,,,,,,,,,,,,,,
683,alien meeting desk,,,,,,,,,,,,,,,,
684,bear honey hiker,,,,,,,,,,,,,,,,
685,egg house talk,,,,,,,,,,,,,,,,
686,army award read,,,,,,,,,,,,,,,,
687,joust car police,,,,,,,,,,,,,,,,
688,astronaut elevator office,,,,,,,,,,,,,,,,
689,snowman window dark,,,,,,,,,,,,,,,,
690,wolf sheep costume,,,,,,,,,,,,,,,,
691,doctor,test,dose,science,medication,mouse,experiment,test,cheese,maze,observe,laboratory,jetpack,rat,box,cabinet,fly
